{
  "namespace": "doll",
  "skin_viewer_panel": {
    "type": "input_panel",
    "anchor_from": "bottom_middle",
    "anchor_to": "bottom_middle",
    "size": [
      "35%",
      "80%"
    ],
    "always_handle_controller_direction": true,
    "$skin_viewer_panel_offset|default": [
      0,
      0
    ],
    "offset": "$skin_viewer_panel_offset",
    "gesture_tracking_button": "button.turn_doll",
    "tts_ignore_count": true,
    "button_mappings": [
      {
        "from_button_id": "button.menu_select",
        "to_button_id": "button.turn_doll",
        "mapping_type": "pressed",
        "button_up_right_of_first_refusal": true
      }
    ],
    "controls": [
      {
        "paper_doll_panel": {
          "type": "panel",
          "size": [
            "40%",
            "80%"
          ],
          "controls": [
            {
              "paper_doll": {
                "type": "custom",
                "renderer": "paper_doll_renderer",
                "camera_tilt_degrees": -10,
                "dolling_rotation": 0,
                "layer": 2,
                "anchor_from": "left_middle",
                "anchor_to": "left_middle",
                "rotation": "gesture_x",
                "size": [
                  "130%",
                  "130%"
                ],
                "offset": [
                  -10,
                  0
                ],
                "use_uuid": true,
                "use_selected_skin": false,
                "animation_reset_name": "screen_animation_reset",
                "anims": [
                  "@common.screen_exit_size_animation_push",
                  "@common.screen_exit_size_animation_pop",
                  "@common.screen_entrance_size_animation_push",
                  "@common.screen_entrance_size_animation_pop"
                ],
                "bindings": [
                  {
                    "binding_type": "view",
                    "source_control_name": "viewer_panel",
                    "source_property_name": "#gesture_delta_source",
                    "target_property_name": "#gesture_delta_source"
                  },
                  {
                    "binding_type": "view",
                    "source_control_name": "viewer_panel",
                    "source_property_name": "#gesture_mouse_delta_x",
                    "target_property_name": "#gesture_mouse_delta_x"
                  },
                  {
                    "binding_name": "#is_appearance_visible",
                    "binding_name_override": "#visible",
                    "binding_condition": "always"
                  },
                  {
                    "binding_type": "view",
                    "source_property_name": "#form_text",
                    "target_property_name": "#player_uuid"
                  }
                ]
              }
            }
          ]
        }
      }
    ]
  },
  "skin_panel": {
    "type": "panel",
    "anchor_to": "bottom_right",
    "anchor_from": "bottom_right",
    "size": [
      "50% - 75px",
      124
    ],
    "offset": [
      0,
      "-10% - 4px"
    ],
    "controls": [
      {
        "viewer_panel@doll.skin_viewer_panel": {}
      }
    ]
  }
}
