{
    "namespace": "static",
    "zeqa_rules_form": {
        "type": "panel",
        "anchor_from": "center",
        "anchor_to": "center",
        "size": "$size",
        "$size|default": [
            415,
            250
        ],
        "$max_size|default": [
            415,
            250
        ],
        "variables": [
            {
                "requires": "($pocket_screen or $apple_os or $pocket_edition or $google_os)",
                "$size": [
                    300,
                    175
                ],
                "$max_size": [
                    300,
                    175
                ]
            }
        ],
        "offset": [
            0,
            0
        ],
        "orientation": "vertical",
        "controls": [
            {
                "title": {
                    "type": "panel",
                    "anchor_from": "top_right",
                    "anchor_to": "top_right",
                    "controls": [
                        {
                            "close_button@static.static_close_button": {}
                        }
                    ]
                }
            },
            {
                "contents": {
                    "size": [
                        "100%",
                        "100%"
                    ],
                    "layer": 2,
                    "type": "image",
                    "texture": "zeqa/textures/ui/zeqaui/rules",
                    "keep_ratio": false
                }
            }
        ]
    },
    "zeqa_emojis_form": {
        "type": "panel",
        "anchor_from": "center",
        "anchor_to": "center",
        "size": "$size",
        "$size|default": [
            415,
            250
        ],
        "$max_size|default": [
            415,
            250
        ],
        "variables": [
            {
                "requires": "($pocket_screen or $apple_os or $pocket_edition or $google_os)",
                "$size": [
                    300,
                    175
                ],
                "$max_size": [
                    300,
                    175
                ]
            }
        ],
        "offset": [
            0,
            0
        ],
        "orientation": "vertical",
        "controls": [
            {
                "title": {
                    "type": "panel",
                    "anchor_from": "top_right",
                    "anchor_to": "top_right",
                    "controls": [
                        {
                            "close_button@static.static_close_button": {}
                        }
                    ]
                }
            },
            {
                "contents": {
                    "size": [
                        "100%",
                        "100%"
                    ],
                    "layer": 2,
                    "type": "image",
                    "texture": "zeqa/textures/ui/zeqaui/emojis",
                    "keep_ratio": false
                }
            }
        ]
    },
    "zeqa_rank_form": {
        "type": "panel",
        "anchor_from": "center",
        "anchor_to": "center",
        "size": "$size",
        "$size|default": [
            415,
            250
        ],
        "$max_size|default": [
            415,
            250
        ],
        "variables": [
            {
                "requires": "($pocket_screen or $apple_os or $pocket_edition or $google_os)",
                "$size": [
                    300,
                    175
                ],
                "$max_size": [
                    300,
                    175
                ]
            }
        ],
        "offset": [
            0,
            0
        ],
        "orientation": "vertical",
        "controls": [
            {
                "title": {
                    "type": "panel",
                    "anchor_from": "top_right",
                    "anchor_to": "top_right",
                    "controls": [
                        {
                            "close_button@static.static_close_button": {}
                        }
                    ]
                }
            },
            {
                "contents": {
                    "size": [
                        "100%",
                        "100%"
                    ],
                    "layer": 2,
                    "type": "image",
                    "texture": "zeqa/textures/ui/zeqaui/rank",
                    "keep_ratio": false
                }
            }
        ]
    },
    "static_close_button@common.close_button": {
        "$default_button_alpha": 1,
        "anchor_from": "top_right",
        "anchor_to": "top_right",
        "layer": 6,
        "offset": "$offset",
        "$offset|default": [
            3,
            -4
        ],
        "variables": [
            {
                "requires": "($pocket_screen or $apple_os or $pocket_edition or $google_os)",
                "$offset": [
                    4,
                    -6
                ]
            }
        ],
        "controls": [
            {
                "default": {
                    "layer": 2,
                    "type": "image",
                    "texture": "zeqa/textures/ui/zeqaui/exit",
                    "size": [
                        "100%c",
                        "100%c"
                    ],
                    "controls": [
                        {
                            "close@common.close_button_panel": {
                                "$close_button_texture": "zeqa/textures/ui/zeqaui/exit"
                            }
                        }
                    ]
                }
            },
            {
                "hover": {
                    "layer": 3,
                    "type": "image",
                    "texture": "zeqa/textures/ui/zeqaui/exit_hover",
                    "size": [
                        "100%c",
                        "100%c"
                    ],
                    "controls": [
                        {
                            "close@common.close_button_panel": {
                                "$close_button_texture": "zeqa/textures/ui/zeqaui/exit_hover"
                            }
                        }
                    ]
                }
            },
            {
                "pressed": {
                    "layer": 2,
                    "type": "image",
                    "texture": "zeqa/textures/ui/zeqaui/exit_hover",
                    "size": [
                        "100%c",
                        "100%c"
                    ],
                    "controls": [
                        {
                            "close@common.close_button_panel": {
                                "$close_button_texture": "zeqa/textures/ui/zeqaui/exit_hover"
                            }
                        }
                    ]
                }
            }
        ]
    }
}