{
  "namespace": "pause",
  "store_button_panel": {
    "type": "panel",
    "controls": [
      {
        "store_button@pause.zeqa_button": {}
      }
    ]
  },
  "zeqa_button@common_buttons.light_content_button": {
    "ignored": "$is_secondary_client",
    "$pressed_button_name": "button.menu_buy_game",
    "$default_button_texture": "zeqa/textures/ui/zeqaui/default_long",
    "$hover_button_texture": "zeqa/textures/ui/zeqaui/default_hover_long",
    "$pressed_button_texture": "zeqa/textures/ui/zeqaui/default_pressed_long",
    "$button_content": "pause.zeqa_rules_image",
    "bindings": [
      {
        "binding_name": "#store_button_visible",
        "binding_name_override": "#visible",
        "binding_type": "global"
      }
    ]
  },
  "zeqa_rules_image": {
    "type": "panel",
    "controls": [
        {
            "rules_image": {
                "type": "image",
                "layer": 25,
                "size": [
                    117,
                    21
                ],
                "anchor_to": "center",
                "anchor_from": "center",
                "texture": "zeqa/textures/ui/zeqaui/rule",
                "$default_state": true,
                "$hover_state": true,
                "$pressed_state": true,
                "$locked_state": true
            }
        }
    ]
},

  "player_grid_item_content": {
    "type": "panel",
    "controls": [
      {
        "player_button_panel": {
          "type": "stack_panel",
          "orientation": "horizontal",
          "anchor_from": "top_middle",
          "anchor_to": "top_middle",
          "size": [ "100%", "100% + 1px" ],
          "controls": [
            {
              "player_button_banner": {
                "type": "panel",
                "size": [ "fill", "100%" ],
                "controls": [
                  { "player_button@pause.player_button": {} },
                  { "player_banner@pause.player_banner": {} }
                ]
              }
            }
          ]
        }}]},
  "player_button_content": {
    "type": "stack_panel",
    "orientation": "horizontal",
    "anchor_from": "left_middle",
    "anchor_to": "left_middle",
    "size": [ "100% - 4px", "100% - 4px" ],
    "offset": [ 4, 0 ],
    "layer": 3,
    "controls": [
      {
        "player_gamertag@pause.gametag_wrapper": {
          "size": [ "fill", "100%" ],
          "layer": 1
        }
      }
    ]
  },
  "player_button@common_buttons.dark_content_button": {
    "size": [ "100%", "100%" ],
    "anchor_from": "top_left",
    "anchor_to": "top_left",
    "$button_content": "pause.player_button_content",
    "button_mappings": [
      {
        "from_button_id": "button.menu_select",
        "to_button_id": "button.player_button",
        "mapping_type": "pressed"
      },
      {
        "from_button_id": "button.menu_ok",
        "to_button_id": "button.player_button",
        "mapping_type": "focused"
      }
    ],
    "bindings": [
      {
        "binding_name": "#button_enabled",
        "binding_type": "collection",
        "binding_collection_name": "players_collection",
        "binding_name_override": "#visible"
      },
      {
        "binding_type": "collection_details",
        "binding_collection_name": "players_collection"
      }
    ]
  }
}
