{
  "namespace": "tabbed_upsell",
  "tabbed_upsell_screen@common.base_screen": {
    "force_render_below": false,
    "$screen_content": "tabbed_upsell.tabbed_upseel_screen_panel"
  },
  "tabbed_upseel_screen_panel": {
    "type": "panel",
    "anchor_from": "center",
    "anchor_to": "center",
    "size": [
      300,
      175
    ],
    "max_size": [
      300,
      175
    ],
    "offset": [
      0,
      0
    ],
    "orientation": "vertical",
    "controls": [
      {
        "title": {
          "type": "panel",
          "anchor_from": "top_right",
          "anchor_to": "top_right",
          "controls": [
            {
              "close_button@tabbed_upsell.zeqa_rclose_button": {}
            }
          ]
        }
      },
      {
        "contents": {
          "size": [
            "100%",
            "100%"
          ],
          "layer": 2,
          "type": "image",
          "texture": "zeqa/textures/ui/zeqaui/rules",
          "keep_ratio": false
        }
      }
    ]
  },
  "zeqa_rclose_button@common.close_button": {
    "$default_button_alpha": 1,
    "anchor_from": "top_right",
    "anchor_to": "top_right",
    "layer": 6,
    "offset": [
      4,
      -6
    ],
    "controls": [
      {
        "default": {
          "layer": 2,
          "type": "image",
          "texture": "zeqa/textures/ui/zeqaui/exit",
          "size": [
            "100%c",
            "100%c"
          ],
          "controls": [
            {
              "close@common.close_button_panel": {
                "$close_button_texture": "zeqa/textures/ui/zeqaui/exit"
              }
            }
          ]
        }
      },
      {
        "hover": {
          "layer": 3,
          "type": "image",
          "texture": "zeqa/textures/ui/zeqaui/exit_hover",
          "size": [
            "100%c",
            "100%c"
          ],
          "controls": [
            {
              "close@common.close_button_panel": {
                "$close_button_texture": "zeqa/textures/ui/zeqaui/exit_hover"
              }
            }
          ]
        }
      },
      {
        "pressed": {
          "layer": 2,
          "type": "image",
          "texture": "zeqa/textures/ui/zeqaui/exit_hover",
          "size": [
            "100%c",
            "100%c"
          ],
          "controls": [
            {
              "close@common.close_button_panel": {
                "$close_button_texture": "zeqa/textures/ui/zeqaui/exit_hover"
              }
            }
          ]
        }
      }
    ]
  }
}
