{"version":1,"content":[{"key":"eilABu6uA23kSvY9xOrGgRJb8omS35Oy","path":"LICENSE.txt"},{"key":"TiufKBUUBTHOhNX23Wm2LKeyS927Rf1D","path":"font/glyph_E0.png"},{"key":"gcxwhXYS4dlUs2Y7De7h5urmUSSFLAJt","path":"font/glyph_E1.png"},{"key":"HvxaHFM9RR8jaR6WQq0YBk6nkaqskZ5W","path":"font/glyph_E2.png"},{"key":"pY8i3EO6dEhoZrLROOWZWY6UkXhQ7f3s","path":"font/glyph_E3.png"},{"key":"ackFsXfIv8Vpn7oKOpqc1T4Sgc2T1XaU","path":"font/glyph_E4.png"},{"key":"aref2XszOEKj82jSN54VyxRli82Lw0Am","path":"font/glyph_E5.png"},{"key":"sctGjXMAYhdQMtJmj5V9SM8WUbVAamqM","path":"textures/ui/cps.json"},{"key":"LlBebAvwQb9tLZhnyseei2wCzSKurvqy","path":"textures/ui/cps.png"},{"key":"RVDFXQOwWR4FvWLERcovK8ItvMjFhggY","path":"ui/hud_screen.json"},{"key":"A5gAKSzCjICFvwp4YumjTubAPhxy3hGj","path":"ui/pause_screen.json"},{"key":"SsiDhsAMxSMWzDW5hyDuKOwnnp0wXtAx","path":"ui/scoreboards.json"},{"key":"U5tNEBc4Xn1CIavkjnfAG0xzWt2aj4bv","path":"ui/server_form.json"},{"key":"dGQUOW4Iqcwccax6NmdlhZ9AAQs3N1g4","path":"ui/tabbed_upsell_screen.json"},{"key":"1tpzAu4TWYGFOA9CXKv5V89WvauK0v3a","path":"ui/win10_trial_conversion_screen.json"},{"key":"m3kVyZA04kh1hiJCSIYxrHxsbypImRE5","path":"ui/_global_variables.json"},{"key":"E4Y0IkKD1adrz19aP6tLCF9jm7YN5YaZ","path":"ui/_ui_defs.json"},{"key":"qdnKcSukOV11lmGER7IQiEoXmSVZZwGi","path":"ui/zeqa/cosmetics.json"},{"key":"P1paYb96zhzcV5LW1dIV0y3duvIWO2PU","path":"ui/zeqa/doll.json"},{"key":"kDN8qccc2DmBZ2MGqJNLLwm4Xf9iX13H","path":"ui/zeqa/ffa.json"},{"key":"5q8q0vNp6bF1A6wB9tDnqD1fESzXHlKK","path":"ui/zeqa/server.json"},{"key":"VzofwpYFoqkpBs82HO3pxLTgfRzzkxN2","path":"ui/zeqa/static.json"},{"key":"J53sxd75Gm3D7M0LOcROwrH8SNPKLVBa","path":"zeqa/textures/ui/gm/archer.png"},{"key":"HMgauKt0LfSbImQ1NxG2GR8IzNAJavN5","path":"zeqa/textures/ui/gm/battlerush.png"},{"key":"IsuL1jr5pHwR9QXfbJeWxtuNGEabHqiH","path":"zeqa/textures/ui/gm/bedfight.png"},{"key":"0yx5Cn4KzI4Er4YfOP6jGL1O7ce9bJPJ","path":"zeqa/textures/ui/gm/boxing.png"},{"key":"mJ6OCxI5kfsVpzecbcTTGjoJQ6kAYZjX","path":"zeqa/textures/ui/gm/bridge.png"},{"key":"pEwJQhkES3xnEmWFzPSdAM7XxTlJaFem","path":"zeqa/textures/ui/gm/build.png"},{"key":"T0hNI2l3UTFfA4zyHEgii2pDORWY1gKw","path":"zeqa/textures/ui/gm/classicduels.png"},{"key":"vYab24DukY9cuyq2eXtjs4YhQ45YADi7","path":"zeqa/textures/ui/gm/combo.png"},{"key":"ReRifnjxSTBKghku0RPcD8iL3qSTDguN","path":"zeqa/textures/ui/gm/finaluhc.png"},{"key":"9bIFMEp2vkdBbfg42hndfXDgIAkLckjB","path":"zeqa/textures/ui/gm/fireballfight.png"},{"key":"NseWhQ1g9o3E6XwZBdspGktaSlJoToXx","path":"zeqa/textures/ui/gm/fist.png"},{"key":"iumJ9IcJfovYE1Tk9RNB8H4fSHNN40J6","path":"zeqa/textures/ui/gm/gapple.png"},{"key":"STgUQAjeYUJYaZgWkzwjwR01Cxe63Dyf","path":"zeqa/textures/ui/gm/knock.png"},{"key":"dZhwu3ZJi6PFquiX60vrONKJ3atCmXLZ","path":"zeqa/textures/ui/gm/mlgrush.png"},{"key":"JeQWMkzQXUk3QUgkWShxIXOAWbg8bbQt","path":"zeqa/textures/ui/gm/nodebuff.png"},{"key":"d3iqacBnIHtWgcj4feeNGycmvuUNFG8e","path":"zeqa/textures/ui/gm/oitc.png"},{"key":"Yo6KnJvlEPCJQ96U9VNGGiIoNSErDPiJ","path":"zeqa/textures/ui/gm/pearlfight.png"},{"key":"9jCcpAlCVov0xC6ODkodT2He3YQ3NFIh","path":"zeqa/textures/ui/gm/res.png"},{"key":"smUnkDttxqLdYWUHQfYVOllmx8o0cTn8","path":"zeqa/textures/ui/gm/skywars.png"},{"key":"FdO5rcR2SyHcwJOBtTEHY6fOls5YeMQ7","path":"zeqa/textures/ui/gm/soup.png"},{"key":"8Ep4RzVQ01IBlJ1pNU0R6m699YDukljC","path":"zeqa/textures/ui/gm/spleef.png"},{"key":"Y5iApwhlPPbifm1yKF2tvezT0WC3IXPm","path":"zeqa/textures/ui/gm/stickfight.png"},{"key":"VquANX6r0Su7FToMFqUG459y8OAXHRsh","path":"zeqa/textures/ui/gm/sumo.png"},{"key":"koi6wQniVQH0UoMDXE3ctoQddVOBiyFy","path":"zeqa/textures/ui/gm/uch.png"},{"key":"uomEIa1crvD5PADQFJLOx2k3Z2QPrK9n","path":"zeqa/textures/ui/items/bots.png"},{"key":"2AniWB7VEVBFrBSINuYWlcu47Vt3DB3S","path":"zeqa/textures/ui/items/duels.png"},{"key":"QRrvv2GXNEGrwKYGQzsso8qZCyddtfn9","path":"zeqa/textures/ui/items/event.png"},{"key":"jSMX2Pae5h8bumLCSPqexMy4hVguZcso","path":"zeqa/textures/ui/items/ffa.png"},{"key":"jtCcPlrMBBRtaoSaqDoJuRIrQpj8F2nc","path":"zeqa/textures/ui/items/party.png"},{"key":"y48Lsy5Aiausacvpcl2cn0ibhcI1TH7t","path":"zeqa/textures/ui/items/region.png"},{"key":"fDNOv0zuCEFwz4mH4vZShsegANxQsJNg","path":"zeqa/textures/ui/items/settings.png"},{"key":"3uuEi4qkYPC3ZAdBeI6FhW9TKMr25zVk","path":"zeqa/textures/ui/items/shop.png"},{"key":"4vtrBRy0sE2nk7Dq3So5zKR6AN8Nda5h","path":"zeqa/textures/ui/items/spectate.png"},{"key":"lACqwxSaRFioD5eFDasCccrcwcCJjRAz","path":"zeqa/textures/ui/more/back.png"},{"key":"HcfoZ6A1WOc5c2kP2rB1YfJVXeP9exgT","path":"zeqa/textures/ui/more/changeartifact.png"},{"key":"pSwZGxbupLAuSXvcEL7QuoVh9LylTiW1","path":"zeqa/textures/ui/more/changecape.png"},{"key":"lDKfW5AgwTTD4zRjOvk1x83RUKsKIF2e","path":"zeqa/textures/ui/more/changepotcolor.png"},{"key":"QAgpBX3JUaRczOvVLrHxFtA6LXuXvJti","path":"zeqa/textures/ui/more/changeprojectiletrail.png"},{"key":"7r848rlspzakwasF6rzXAHQA5RsJq7HW","path":"zeqa/textures/ui/more/cosmetics.png"},{"key":"kCbJUjG6eKBKKEnhJocEActe8t3RTCJL","path":"zeqa/textures/ui/more/customtag.png"},{"key":"VRWCcIlqUKVyF4SxZZMW5Hu89WZmBRis","path":"zeqa/textures/ui/more/disguise.png"},{"key":"v3Nq1Imv7CkMVFGw1Ib4LQkjWwWUnQnd","path":"zeqa/textures/ui/more/duelinbox.png"},{"key":"QobGXBN1N4nyln27Dbohz3yDBOjfPYMW","path":"zeqa/textures/ui/more/duelrequest.png"},{"key":"5yUBUaPb00ZGGFGCqtnledqtwr3Yinhf","path":"zeqa/textures/ui/more/duel_history.png"},{"key":"AiHKDTJixbqva3oNqSeLbCU5FsXP7xT9","path":"zeqa/textures/ui/more/gift.png"},{"key":"Er0W1W23fnIbJY8jp4OvTq11vsTR46xj","path":"zeqa/textures/ui/more/joinparty.png"},{"key":"OZ1aFG8xjedipQ0eZUKdpMkUoKT0MQ8Q","path":"zeqa/textures/ui/more/killphrase.png"},{"key":"aMBqQDvz3pYEHGUzFQ4KpvxM6CILJo5e","path":"zeqa/textures/ui/more/kit_settings.png"},{"key":"F8e2XrU7KOw5P3r77SfJcn0p3UenzZVc","path":"zeqa/textures/ui/more/partyinbox.png"},{"key":"HMAmuAhK6lRiYHP1JFb03KDXp2xYttxu","path":"zeqa/textures/ui/more/party_duel.png"},{"key":"o2Wg2eT2KqNF7NNewCnQlIcYv1BBBIq5","path":"zeqa/textures/ui/more/player_duel.png"},{"key":"bkzEr75UsQlatjuOWXkix2siJhbhsW5S","path":"zeqa/textures/ui/more/ranked_duel.png"},{"key":"BZhSEn57sjshHfzC28tFddMWfi7d3qnX","path":"zeqa/textures/ui/more/recycle.png"},{"key":"LoPEc792sSVWhh0nZafSXaYL3jrgfeuj","path":"zeqa/textures/ui/more/region.png"},{"key":"Lj8uDaBFiTTpiO76rlPxrqHXUbcpedoj","path":"zeqa/textures/ui/more/survival.png"},{"key":"v3xEbPMmckfAXOGSVeR4uTUGNW0tH45H","path":"zeqa/textures/ui/more/tournament.png"},{"key":"904DjLvZ2Yk2MuW3hnITPRj3vsA2mOWL","path":"zeqa/textures/ui/more/trade.png"},{"key":"2SNx0LQMg1mH5NYshQiUdDIWTkxyiYU9","path":"zeqa/textures/ui/more/unranked_duel.png"},{"key":"PaC3KVaeicfycxPmGmRqXSH4NZwXpSsN","path":"zeqa/textures/ui/more/war.png"},{"key":"lqsEZjsQbTjELVT81vKEXQDbyMldU8Ud","path":"zeqa/textures/ui/more/zeqa_pass.png"},{"key":"QyhECZvhSYkEY4P4pzOVtkqN7FBvfifD","path":"zeqa/textures/ui/sb/Black_sb.json"},{"key":"r51JZmpe8vIo56RoQU81waAPEjqFu93G","path":"zeqa/textures/ui/sb/Black_sb.png"},{"key":"Bf6YDKDcLqzRd5tdeAxMankerAAv8kHJ","path":"zeqa/textures/ui/sb/logo_scoreboard.png"},{"key":"El7POqZZ8st4g7yX0Iu6AHESd39cHGc1","path":"zeqa/textures/ui/zeqaui/background.json"},{"key":"VvG2DrvZxyo14ECRl1m2eJ5zY606nNij","path":"zeqa/textures/ui/zeqaui/background.png"},{"key":"fEmBBk6OVgC7junTBk6ruMOWDmM7zZXh","path":"zeqa/textures/ui/zeqaui/cosmetics_background.json"},{"key":"iKt0zxGgbxrTwJynVpRGK8CexMQYD8lB","path":"zeqa/textures/ui/zeqaui/cosmetics_background.png"},{"key":"v5eM9hA9cMMJLpi5rTm22tmIqYatIpB8","path":"zeqa/textures/ui/zeqaui/default.json"},{"key":"EgHMdPdzLWErPyCFS3HW1VTcnadxcIu3","path":"zeqa/textures/ui/zeqaui/default.png"},{"key":"OnUC4us46a9ZfCPRlktDYewYd5Af534c","path":"zeqa/textures/ui/zeqaui/default_hover.json"},{"key":"0aKALOoBQiSL0XeJYN5f13CEAltuW7yM","path":"zeqa/textures/ui/zeqaui/default_hover.png"},{"key":"yC3BKfwm581VP8VoIwhYZUtiHIgzcFde","path":"zeqa/textures/ui/zeqaui/default_hover_long.json"},{"key":"kzHYlt7K6w8W0A2Ep4bvphGMHcfmCAhM","path":"zeqa/textures/ui/zeqaui/default_hover_long.png"},{"key":"oIeCfz2mFiQ37pKYIHKCv6dzkxuQtzaP","path":"zeqa/textures/ui/zeqaui/default_long.json"},{"key":"2wTi2L71hHtpytG2l6Z3m0l18WoTb1gu","path":"zeqa/textures/ui/zeqaui/default_long.png"},{"key":"OqbuGg5cHDHeMOHoZWYHDyVAygEXBztz","path":"zeqa/textures/ui/zeqaui/default_pressed.json"},{"key":"XAPtkYjq01W0ER1gDDa1eufyjC8IofMe","path":"zeqa/textures/ui/zeqaui/default_pressed.png"},{"key":"yAHXFTSPt8VdUv2BWfwMEQ8s8wi3NxdJ","path":"zeqa/textures/ui/zeqaui/default_pressed_long.json"},{"key":"pSXSr2Uep3ZjE4btJmKN5iSYodkAOare","path":"zeqa/textures/ui/zeqaui/default_pressed_long.png"},{"key":"ppcaM30vRe9PMF8F9ZM1Kse0XkZxA8b1","path":"zeqa/textures/ui/zeqaui/emojis.png"},{"key":"2WLgLiYs153AOmWkOkQ4D9PY49pk3pAp","path":"zeqa/textures/ui/zeqaui/exit.json"},{"key":"ArskkltQ1P8H3ktMD7JcgMWDQbijLU0e","path":"zeqa/textures/ui/zeqaui/exit.png"},{"key":"KAC8rcy3RYZZEBzCxl7xGhz0K71yEwXP","path":"zeqa/textures/ui/zeqaui/exit_hover.json"},{"key":"YUvxJ0njJIDewSSdhEW6UdsUPocO2AcZ","path":"zeqa/textures/ui/zeqaui/exit_hover.png"},{"key":"IfAIKMHRQvoKWbJ8AIQteJSQQpQpcdMH","path":"zeqa/textures/ui/zeqaui/hover.json"},{"key":"IJN2maeZ9PLbJJhL27pVqvC3EKtGTBYk","path":"zeqa/textures/ui/zeqaui/hover.png"},{"key":"27GzX1bZmSGcC11avb5ubCv9drfzrwkT","path":"zeqa/textures/ui/zeqaui/off.json"},{"key":"9lZRUSoZatZgkDL0i8CVrecppeeqR62S","path":"zeqa/textures/ui/zeqaui/off.png"},{"key":"kTqTDf0oz9yzwpLR0vHIygdRXGzyhi1l","path":"zeqa/textures/ui/zeqaui/offhover.json"},{"key":"i9V3oQ4K8EPbJn8QAMurA17yjneqPtU4","path":"zeqa/textures/ui/zeqaui/offhover.png"},{"key":"y7FNbrQ3Wcut1lietdxLzSLXtYMqEN4B","path":"zeqa/textures/ui/zeqaui/on.json"},{"key":"lJRaHMvZMpaQ2OjnU9Pn3baW0dDyUuhn","path":"zeqa/textures/ui/zeqaui/on.png"},{"key":"UaaH9ZlnmcC7d64V4nq3rRXpRe0VaTMN","path":"zeqa/textures/ui/zeqaui/rank.png"},{"key":"itaPYzMlgZMIgvHT8AmwOGIWwEpcKEKG","path":"zeqa/textures/ui/zeqaui/rule.png"},{"key":"qAA1zZv3MTQD1WtxMiX7m1Tw2ivmHAdx","path":"zeqa/textures/ui/zeqaui/rules.png"},{"key":"E5MvlJIQ6lFPliPxaIVQefoVIEIycGHA","path":"zeqa/textures/ui/zeqaui/scrollbar.json"},{"key":"OWRMCs4uKwpYm75PRyMglOsfWsixGD8E","path":"zeqa/textures/ui/zeqaui/scrollbar.png"},{"key":"GdhSld2MDp91d80vBk6zp0FrffrNuYDq","path":"zeqa/textures/ui/zeqaui/scrollbarbg.json"},{"key":"dkF7IMDv1N9wFvYyFiaxjgRsFQiiWR8W","path":"zeqa/textures/ui/zeqaui/scrollbarbg.png"}]}