{"version":1,"content":[{"key":"qT9i5USDJvALae0HDZ7AIls93ycXDegz","path":"animations/ranksidle.json"},{"key":"KIReg9OdCLZyNLE5wxrzxK6JqoPhqCxK","path":"sounds/mob/player/attack/strong1.ogg"},{"key":"239CH1Y60kE2UVUEspHw6DBsdIpqn5yg","path":"sounds/mob/player/attack/strong2.ogg"},{"key":"YMU0cix2fNKpo3ARRMnOQJyOLraGdCEb","path":"sounds/mob/player/attack/strong3.ogg"},{"key":"nRlvlx8JoYlFxU3N1XBNXC0wVwYJmn18","path":"sounds/mob/player/attack/strong4.ogg"},{"key":"fYdrBKsU9d18MlWGstrbH7vy4eMH5Alp","path":"sounds/mob/player/attack/strong5.ogg"},{"key":"s9aPYbSx9fnDPUHRJaWfGqJ0g3JnezDF","path":"sounds/mob/player/attack/strong6.ogg"},{"key":"VpecLJnUQiO1mCBZLbMyiCKmKQy5MhvG","path":"sounds/mob/player/attack/weak1.ogg"},{"key":"nVwlGj79Rx5ULzjFMrdnRZEc1MWTbHtG","path":"sounds/mob/player/attack/weak2.ogg"},{"key":"MV5IYUpX9fKsh0MztEBpwjfwV0odec6V","path":"sounds/mob/player/attack/weak3.ogg"},{"key":"5Xx4mLQhLzNc72PoRdlSJzdMyAuTQNkO","path":"sounds/mob/player/attack/weak4.ogg"},{"key":"2KTwkXRrYC7400CmQ3Qng9FKpmhyyV4t","path":"textures/entity/skulls/creeper.png"},{"key":"0YBl0Kq7qH7r9gZiqJw9EMjWZoVd43v8","path":"textures/misc/pumpkinblur.png"},{"key":"3xUh55RmcvI5QFxEMssS0JP0t7bK743R","path":"textures/ui/title.png"}]}